Date,SPX,Qi
2015-01-01,2058.9,100
2015-01-02,2058.2,99.83807745
2015-01-05,2020.58,97.80765506
2015-01-06,2002.61,96.72654505
2015-01-07,2025.9,97.72045795
2015-01-08,2062.14,99.38514017
2015-01-09,2044.81,98.42011991
2015-01-12,2028.26,97.7245796
2015-01-13,2023.03,97.4167793
2015-01-14,2011.27,96.77421059
2015-01-15,1992.67,95.57901891
2015-01-16,2019.42,96.88522553
2015-01-20,2022.55,96.99401941
2015-01-21,2032.12,97.4767082
2015-01-22,2063.15,99.06894875
2015-01-23,2051.82,98.61620899
2015-01-26,2057.09,98.79039602
2015-01-27,2029.55,97.21065682
2015-01-28,2002.16,95.71181366
2015-01-29,2021.25,96.55934289
2015-01-30,1994.99,95.41138928
2015-02-02,2020.85,96.87374433
2015-02-03,2050.03,98.58538098
2015-02-04,2041.51,98.47518076
2015-02-05,2062.52,99.66231322
2015-02-06,2055.47,99.64308282
2015-02-09,2046.74,99.39983173
2015-02-10,2068.59,100.4071745
2015-02-11,2068.53,100.5365133
2015-02-12,2088.48,101.6014886
2015-02-13,2096.99,102.3446905
2015-02-17,2100.34,102.7991078
2015-02-18,2099.68,102.4739433
2015-02-19,2097.45,102.6239668
2015-02-20,2110.3,103.1479405
2015-02-23,2109.66,102.9889354
2015-02-24,2115.48,103.268476
2015-02-25,2113.86,103.0638132
2015-02-26,2110.74,102.7224282
2015-02-27,2104.5,102.3328505
2015-03-02,2117.39,103.2977886
2015-03-03,2107.78,102.9119815
2015-03-04,2098.53,102.4762272
2015-03-05,2101.04,102.5593134
2015-03-06,2071.26,101.4234468
2015-03-09,2079.43,101.7619012
2015-03-10,2044.16,99.95588695
2015-03-11,2040.24,99.83059002
2015-03-12,2065.95,101.0668668
2015-03-13,2053.4,100.4251204
2015-03-16,2081.19,101.5163751
2015-03-17,2074.28,101.1084316
2015-03-18,2099.5,102.3729216
2015-03-19,2089.27,101.4884857
2015-03-20,2108.1,102.6848057
2015-03-23,2104.42,102.4234496
2015-03-24,2091.5,101.6989164
2015-03-25,2061.05,100.176633
2015-03-26,2056.15,100.2467447
2015-03-27,2061.02,100.4443613
2015-03-30,2086.24,101.6853414
2015-03-31,2067.89,100.7217427
2015-04-01,2059.69,100.2346758
2015-04-02,2066.96,100.6885601
2015-04-06,2080.62,101.4237991
2015-04-07,2076.33,101.3893878
2015-04-08,2081.9,101.4449494
2015-04-09,2091.18,102.2424744
2015-04-10,2102.06,103.0111577
2015-04-13,2092.43,102.5033555
2015-04-14,2095.84,102.726472
2015-04-15,2106.63,103.4368662
2015-04-16,2104.99,103.2784546
2015-04-17,2081.18,102.0982365
2015-04-20,2100.4,103.0646286
2015-04-21,2097.29,102.5159223
2015-04-22,2107.96,103.2170975
2015-04-23,2112.93,103.6707847
2015-04-24,2117.69,103.8489301
2015-04-27,2108.92,103.7804345
2015-04-28,2114.76,104.1364677
2015-04-29,2106.85,103.8232993
2015-04-30,2085.51,102.788078
2015-05-01,2108.29,103.8846139
2015-05-04,2114.49,104.1951402
2015-05-05,2089.46,102.952657
2015-05-06,2080.15,102.4290609
2015-05-07,2088,102.7902462
2015-05-08,2116.1,104.2732101
2015-05-11,2105.33,103.7570185
2015-05-12,2099.12,103.4789073
2015-05-13,2098.48,103.417176
2015-05-14,2121.1,104.6077728
2015-05-15,2122.73,104.5764667
2015-05-18,2129.2,104.7805161
2015-05-19,2127.83,104.8104614
2015-05-20,2125.85,104.8247221
2015-05-21,2130.82,105.2026108
2015-05-22,2126.06,104.9973027
2015-05-26,2104.2,103.8193536
2015-05-27,2123.48,104.7694418
2015-05-28,2120.79,104.7214286
2015-05-29,2107.39,103.9513781
2015-06-01,2111.73,104.1987004
2015-06-02,2109.6,104.2241048
2015-06-03,2114.07,104.5193872
2015-06-04,2095.84,103.5540087
2015-06-05,2092.83,103.2761003
2015-06-08,2079.28,102.655538
2015-06-09,2080.15,102.6078948
2015-06-10,2105.2,103.9361095
2015-06-11,2108.86,104.0020086
2015-06-12,2094.11,103.1927881
2015-06-15,2084.43,102.6964891
2015-06-16,2096.29,103.2355207
2015-06-17,2100.44,103.4161437
2015-06-18,2121.24,104.4484949
2015-06-19,2109.99,103.8363652
2015-06-22,2122.85,104.4408336
2015-06-23,2124.2,104.4458201
2015-06-24,2108.58,103.5565309
2015-06-25,2102.31,103.1985405
2015-06-26,2101.49,103.1383733
2015-06-29,2057.64,100.9268689
2015-06-30,2063.11,101.4262744
2015-07-01,2077.42,101.8850989
2015-07-02,2076.78,101.7212309
2015-07-06,2068.76,101.3412767
2015-07-07,2081.34,101.818709
2015-07-08,2046.68,100.0981161
2015-07-09,2051.31,100.3059789
2015-07-10,2076.62,101.4637338
2015-07-13,2099.6,102.6488445
2015-07-14,2108.95,103.2105188
2015-07-15,2107.4,103.2401977
2015-07-16,2124.29,104.3115286
2015-07-17,2126.64,104.7496148
2015-07-20,2128.28,104.8232848
2015-07-21,2119.21,104.3496853
2015-07-22,2114.15,104.2655386
2015-07-23,2102.15,103.6417532
2015-07-24,2079.65,102.0945941
2015-07-27,2067.64,101.6301287
2015-07-28,2093.25,103.1038
2015-07-29,2108.57,103.8387549
2015-07-30,2108.63,103.8907819
2015-07-31,2103.84,103.3391417
2015-08-03,2098.04,102.8866102
2015-08-04,2093.32,102.6959283
2015-08-05,2099.84,102.8904692
2015-08-06,2083.56,102.3247406
2015-08-07,2077.57,101.8657566
2015-08-10,2104.18,103.2069454
2015-08-11,2084.07,102.0825607
2015-08-12,2086.05,102.1865325
2015-08-13,2083.39,101.8803506
2015-08-14,2091.54,102.2707002
2015-08-17,2102.44,102.7250921
2015-08-18,2096.92,102.3667641
2015-08-19,2079.61,101.244248
2015-08-20,2035.73,99.01024024
2015-08-21,1970.89,96.10883172
2015-08-24,1893.21,92.15036975
2015-08-25,1867.61,90.80542678
2015-08-26,1940.51,94.30638212
2015-08-27,1987.66,96.85166451
2015-08-28,1988.87,97.07061977
2015-08-31,1972.18,96.11264603
2015-09-01,1913.85,93.18867785
2015-09-02,1948.86,94.92032123
2015-09-03,1951.13,95.03039589
2015-09-04,1921.22,93.39998683
2015-09-08,1969.41,95.67022198
2015-09-09,1942.04,94.21616135
2015-09-10,1952.29,94.65046407
2015-09-11,1961.05,95.15576171
2015-09-14,1953.03,94.63003397
2015-09-15,1978.09,95.90552498
2015-09-16,1995.31,97.03446904
2015-09-17,1990.2,96.5651914
2015-09-18,1958.03,94.79584844
2015-09-21,1966.97,95.29808407
2015-09-22,1942.74,94.16747809
2015-09-23,1938.76,93.86355882
2015-09-24,1932.24,93.52227862
2015-09-25,1931.34,93.42778995
2015-09-28,1881.77,91.2001258
2015-09-29,1884.09,91.59343434
2015-09-30,1920.03,93.37238553
2015-10-01,1923.82,93.47166653
2015-10-02,1951.36,95.09697619
2015-10-05,1987.05,97.08960657
2015-10-06,1979.92,97.25519719
2015-10-07,1995.83,98.38020856
2015-10-08,2013.43,99.3194794
2015-10-09,2014.89,99.44736365
2015-10-12,2017.46,99.51995615
2015-10-13,2003.69,98.9141375
2015-10-14,1994.24,98.43400555
2015-10-15,2023.86,99.86632167
2015-10-16,2033.11,100.3155727
2015-10-19,2033.66,100.3006044
2015-10-20,2030.77,100.2992192
2015-10-21,2018.94,100.0831642
2015-10-22,2052.51,102.447669
2015-10-23,2075.15,103.3829979
2015-10-26,2071.18,102.8244176
2015-10-27,2065.89,102.6079949
2015-10-28,2090.35,104.4179146
2015-10-29,2089.41,104.2273054
2015-10-30,2079.36,103.683151
2015-11-02,2104.05,105.5523558
2015-11-03,2109.79,105.9959875
2015-11-04,2102.31,105.5967402
2015-11-05,2099.93,105.1141557
2015-11-06,2099.2,105.4909625
2015-11-09,2078.58,104.3739574
2015-11-10,2081.72,104.6091284
2015-11-11,2075,104.1624936
2015-11-12,2045.97,102.695918
2015-11-13,2023.04,101.7491588
2015-11-16,2053.19,103.4065748
2015-11-17,2050.44,103.2767532
2015-11-18,2083.58,104.640154
2015-11-19,2081.24,104.5755262
2015-11-20,2089.17,104.8461499
2015-11-23,2086.59,104.6502651
2015-11-24,2089.14,104.6904274
2015-11-25,2088.87,104.5409411
2015-11-27,2090.11,104.5494058
2015-11-30,2080.41,104.2644723
2015-12-01,2102.63,105.3303739
2015-12-02,2079.51,104.3810004
2015-12-03,2049.62,103.0446021
2015-12-04,2091.69,105.1772408
2015-12-07,2077.07,104.5227929
2015-12-08,2063.59,103.4178389
2015-12-09,2047.62,103.1051892
2015-12-10,2052.23,103.1378666
2015-12-11,2012.37,101.0242295
2015-12-14,2021.94,101.3904111
2015-12-15,2043.41,102.4433491
2015-12-16,2073.07,103.7523532
2015-12-17,2041.89,101.9632013
2015-12-18,2005.55,100.1014157
2015-12-21,2021.15,101.0835473
2015-12-22,2038.97,102.0430424
2015-12-23,2064.29,103.5002895
2015-12-24,2060.99,103.3032345
2015-12-28,2056.5,103.1321709
2015-12-29,2078.36,104.2892296
2015-12-30,2063.36,103.5281
2015-12-31,2043.94,102.7129995
2016-01-04,2012.66,101.2194508
2016-01-05,2016.71,101.4369947
2016-01-06,1990.26,100.1147284
2016-01-07,1943.09,97.71782928
2016-01-08,1922.03,96.49543119
2016-01-11,1923.67,96.669654
2016-01-12,1938.68,97.3913085
2016-01-13,1890.28,95.29774269
2016-01-14,1921.84,96.90137024
2016-01-15,1880.33,94.54961131
2016-01-19,1881.33,94.43299322
2016-01-20,1859.33,93.06242096
2016-01-21,1868.99,93.40613919
2016-01-22,1906.9,95.68235159
2016-01-25,1877.08,94.14417236
2016-01-26,1903.63,95.59541083
2016-01-27,1882.95,94.96913186
2016-01-28,1893.36,95.18941143
2016-01-29,1940.24,97.72079132
2016-02-01,1939.38,97.54609507
2016-02-02,1903.03,95.56787753
2016-02-03,1912.53,96.47283469
2016-02-04,1915.45,96.88036653
2016-02-05,1880.05,95.26092306
2016-02-08,1853.44,94.22129419
2016-02-09,1852.21,94.02297262
2016-02-10,1851.86,93.89621186
2016-02-11,1829.08,92.66447343
2016-02-12,1864.78,94.84088295
2016-02-16,1895.58,96.49829925
2016-02-17,1926.82,98.07838901
2016-02-18,1917.83,97.59288923
2016-02-19,1917.78,97.56197026
2016-02-22,1945.5,99.01924998
2016-02-23,1921.27,97.5437522
2016-02-24,1929.8,98.10161075
2016-02-25,1951.7,99.40650269
2016-02-26,1948.05,99.550681
2016-02-29,1932.23,98.63303231
2016-03-01,1978.35,101.0693694
2016-03-02,1986.45,101.4148337
2016-03-03,1993.4,101.6736173
2016-03-04,1999.99,102.0763296
2016-03-07,2001.76,102.5555789
2016-03-08,1979.26,100.9788107
2016-03-09,1989.26,101.4993323
2016-03-10,1989.57,101.4792523
2016-03-11,2022.19,103.4342669
2016-03-14,2019.64,103.2514009
2016-03-15,2015.93,103.0324506
2016-03-16,2027.22,103.3043743
2016-03-17,2040.59,104.4356426
2016-03-18,2049.58,105.1334323
2016-03-21,2051.6,105.132947
2016-03-22,2049.8,104.8030498
2016-03-23,2036.71,103.9814357
2016-03-24,2035.94,103.8618185
2016-03-28,2037.05,103.9747794
2016-03-29,2055.01,104.5760159
2016-03-30,2063.95,105.3199315
2016-03-31,2059.74,104.9733644
2016-04-01,2072.78,105.4167876
2016-04-04,2066.13,104.8512955
2016-04-05,2045.17,103.909079
2016-04-06,2066.66,104.8666358
2016-04-07,2041.91,103.3235104
2016-04-08,2047.6,103.7704733
2016-04-11,2041.99,103.790903
2016-04-12,2061.72,105.1069828
2016-04-13,2082.42,106.708849
2016-04-14,2082.78,106.9577852
2016-04-15,2080.73,106.6228583
2016-04-18,2094.34,107.354601
2016-04-19,2100.8,108.0620846
2016-04-20,2102.4,108.6910655
2016-04-21,2091.48,108.2706113
2016-04-22,2091.58,108.6162752
2016-04-25,2087.79,108.3081878
2016-04-26,2091.7,108.702235
2016-04-27,2095.15,108.9983882
2016-04-28,2075.81,107.282094
2016-04-29,2065.3,106.4696794
2016-05-02,2081.43,107.1887276
2016-05-03,2063.37,105.9935212
2016-05-04,2051.12,105.0589616
2016-05-05,2050.63,105.0820025
2016-05-06,2057.14,105.4680853
2016-05-09,2058.69,105.2262916
2016-05-10,2084.39,106.6744108
2016-05-11,2064.46,105.551519
2016-05-12,2064.11,105.4497259
2016-05-13,2046.61,104.233156
2016-05-16,2066.66,105.5537086
2016-05-17,2047.21,104.8738344
2016-05-18,2047.63,105.2135024
2016-05-19,2040.04,104.82423
2016-05-20,2052.32,105.6585014
2016-05-23,2048.04,105.5555386
2016-05-24,2076.06,107.0686095
2016-05-25,2090.54,108.020152
2016-05-26,2090.1,107.7573038
2016-05-27,2099.06,108.2012351
2016-05-31,2096.96,107.8468844
2016-06-01,2099.33,107.8783896
2016-06-02,2105.26,107.99242
2016-06-03,2099.13,107.6637574
2016-06-06,2109.41,108.4257264
2016-06-07,2112.13,108.6745535
2016-06-08,2119.12,108.9410428
2016-06-09,2115.48,108.6258027
2016-06-10,2096.07,107.4804671
2016-06-13,2079.06,106.7141291
2016-06-14,2075.32,106.3568961
2016-06-15,2071.5,106.0765358
2016-06-16,2077.99,106.5231309
2016-06-17,2071.22,106.3337062
2016-06-20,2083.25,107.1566513
2016-06-21,2088.9,107.4625799
2016-06-22,2085.45,107.2596136
2016-06-23,2113.32,109.008003
2016-06-24,2037.41,104.2897253
2016-06-27,2000.54,102.1407664
2016-06-28,2036.09,103.9599887
2016-06-29,2070.77,105.9114655
2016-06-30,2098.86,107.387034
2016-07-01,2102.95,107.4595859
2016-07-05,2088.55,106.4780555
2016-07-06,2099.73,107.1993648
2016-07-07,2097.9,107.221742
2016-07-08,2129.9,108.948379
2016-07-11,2137.16,109.3294827
2016-07-12,2152.14,110.2886572
2016-07-13,2152.43,110.1822872
2016-07-14,2163.75,110.8216997
2016-07-15,2161.74,110.8718706
2016-07-18,2166.89,111.0553205
2016-07-19,2163.78,110.8974586
2016-07-20,2173.02,111.5310506
2016-07-21,2165.17,111.1481835
2016-07-22,2175.03,111.2071824
2016-07-25,2168.48,110.6860919
2016-07-26,2169.18,110.8123874
2016-07-27,2166.58,110.9224494
2016-07-28,2170.06,110.9818963
2016-07-29,2173.6,111.2544328
2016-08-01,2170.84,110.9211505
2016-08-02,2157.03,110.2035906
2016-08-03,2163.79,110.8878135
2016-08-04,2164.25,110.873758
2016-08-05,2182.87,112.2684693
2016-08-08,2180.89,112.3054525
2016-08-09,2181.74,112.4137681
2016-08-10,2175.49,112.1780193
2016-08-11,2185.79,112.7442936
2016-08-12,2184.05,112.499182
2016-08-15,2190.15,113.1742781
2016-08-16,2178.15,112.8532584
2016-08-17,2182.22,113.1299704
2016-08-18,2187.02,113.39844
2016-08-19,2183.87,113.1630815
2016-08-22,2182.64,113.0762716
2016-08-23,2186.9,113.265239
2016-08-24,2175.44,112.878107
2016-08-25,2172.47,112.6078014
2016-08-26,2169.04,112.626934
2016-08-29,2180.38,113.197546
2016-08-30,2176.12,113.115056
2016-08-31,2170.95,112.6624929
2016-09-01,2170.86,112.6623686
2016-09-02,2179.98,112.9410285
2016-09-06,2186.48,112.9660116
2016-09-07,2186.16,112.8095565
2016-09-08,2181.3,112.7860127
2016-09-09,2127.81,110.2952139
2016-09-12,2159.04,111.8792694
2016-09-13,2127.02,110.2116793
2016-09-14,2125.77,110.3628909
2016-09-15,2147.26,111.5531289
2016-09-16,2139.16,111.1303549
2016-09-19,2139.12,111.0840865
2016-09-20,2139.76,111.0808495
2016-09-21,2163.12,112.4957635
2016-09-22,2177.18,113.1282511
2016-09-23,2164.69,112.4114949
2016-09-26,2146.1,111.4039728
2016-09-27,2159.93,112.2237544
2016-09-28,2171.37,113.0096213
2016-09-29,2151.13,112.005666
2016-09-30,2168.27,113.295109
2016-10-03,2161.2,112.9552595
2016-10-04,2150.49,112.4610848
2016-10-05,2159.73,113.2375268
2016-10-06,2160.77,113.4714372
2016-10-07,2153.74,112.8922584
2016-10-10,2163.66,113.3930743
2016-10-11,2136.73,111.8652383
2016-10-12,2139.18,111.9599549
2016-10-13,2132.55,111.6104737
2016-10-14,2132.98,111.8942074
2016-10-17,2126.5,111.5536344
2016-10-18,2139.6,112.2764863
2016-10-19,2144.29,112.4272375
2016-10-20,2141.34,112.5826274
2016-10-21,2141.16,112.4684277
2016-10-24,2151.33,112.8773573
2016-10-25,2143.16,112.3415367
2016-10-26,2139.43,112.0228461
2016-10-27,2133.04,112.0709688
2016-10-28,2126.41,111.758991
2016-10-31,2126.15,111.6127255
2016-11-01,2111.72,111.075034
2016-11-02,2097.94,110.3920606
2016-11-03,2088.66,110.4204965
2016-11-04,2085.18,110.3526528
2016-11-07,2131.52,112.8462181
2016-11-08,2139.56,113.1429999
2016-11-09,2163.26,114.9878184
2016-11-10,2167.48,116.1127602
2016-11-11,2164.45,115.9932419
2016-11-14,2164.2,115.7792388
2016-11-15,2180.39,116.7171587
2016-11-16,2176.94,116.5255184
2016-11-17,2187.12,116.9090481
2016-11-18,2181.9,116.7420399
2016-11-21,2198.18,117.2116079
2016-11-22,2202.94,117.1998125
2016-11-23,2204.72,117.7379845
2016-11-25,2213.35,118.1672947
2016-11-28,2201.72,117.343746
2016-11-29,2204.66,117.3310371
2016-11-30,2198.81,117.4162045
2016-12-01,2191.08,117.2502106
2016-12-02,2191.95,117.1304253
2016-12-05,2204.71,117.5637441
2016-12-06,2212.23,117.9090058
2016-12-07,2241.35,119.2728036
2016-12-08,2246.19,119.7619765
2016-12-09,2259.53,120.775505
2016-12-12,2256.96,121.036434
2016-12-13,2271.72,121.8959187
2016-12-14,2253.28,120.8312224
2016-12-15,2262.03,121.3121984
2016-12-16,2258.07,120.9315939
2016-12-19,2262.53,121.2261935
2016-12-20,2270.76,121.7994738
2016-12-21,2265.18,121.3666804
2016-12-22,2260.96,121.1486581
2016-12-23,2263.79,121.326284
2016-12-27,2268.88,121.5213231
2016-12-28,2249.92,120.5166709
2016-12-29,2249.26,120.4942342
2016-12-30,2238.83,120.0957619
2017-01-03,2257.83,121.427718
2017-01-04,2270.75,121.9045055
2017-01-05,2269,121.8046186
2017-01-06,2276.98,122.6239887
2017-01-09,2268.9,122.1408302
2017-01-10,2268.9,122.0171524
2017-01-11,2275.32,122.1253455
2017-01-12,2270.44,121.6490653
2017-01-13,2274.64,121.7436633
2017-01-17,2267.89,121.4283517
2017-01-18,2271.89,121.6717324
2017-01-19,2263.69,121.0413247
2017-01-20,2271.31,121.0283253
2017-01-23,2265.2,120.4445578
2017-01-24,2280.07,121.0090681
2017-01-25,2298.37,121.8204087
2017-01-26,2296.68,121.4666617
2017-01-27,2294.69,121.4531609
2017-01-30,2280.9,120.5992965
2017-01-31,2278.87,120.8934567
2017-02-01,2279.55,121.1481115
2017-02-02,2280.85,120.7727732
2017-02-03,2297.42,121.9898113
2017-02-06,2292.56,121.6954811
2017-02-07,2293.08,121.5986629
2017-02-08,2294.67,121.5244945
2017-02-09,2307.87,122.2591909
2017-02-10,2316.1,122.8399003
2017-02-13,2328.25,123.6175237
2017-02-14,2337.58,124.0664659
2017-02-15,2349.25,124.7369536
2017-02-16,2347.22,124.5051861
2017-02-17,2351.16,124.5854556
2017-02-21,2365.38,125.269013
2017-02-22,2362.82,125.2342633
2017-02-23,2363.81,125.1996792
2017-02-24,2367.34,125.0636482
2017-02-27,2369.75,125.4690812
2017-02-28,2363.64,124.9952382
2017-03-01,2395.96,126.9561094
2017-03-02,2381.92,126.1354229
2017-03-03,2383.12,126.2130375
2017-03-06,2375.31,125.7519768
2017-03-07,2368.39,125.442283
2017-03-08,2362.98,125.0764647
2017-03-09,2364.87,125.2295946
2017-03-10,2372.6,125.6296958
2017-03-13,2373.47,125.4597482
2017-03-14,2365.45,124.8518584
2017-03-15,2385.26,125.7202099
2017-03-16,2381.38,125.4318068
2017-03-17,2378.25,124.9676088
2017-03-20,2373.47,124.890477
2017-03-21,2344.02,123.573607
2017-03-22,2348.45,123.5173987
2017-03-23,2345.96,123.4866294
2017-03-24,2343.98,123.2439515
2017-03-27,2341.59,123.0312715
2017-03-28,2358.57,124.0299932
2017-03-29,2361.13,124.0965932
2017-03-30,2368.06,124.6573643
2017-03-31,2362.72,124.2735939
2017-04-03,2358.84,124.1298082
2017-04-04,2360.16,124.1551132
2017-04-05,2352.95,123.7669144
2017-04-06,2357.49,124.026471
2017-04-07,2355.54,123.9876286
2017-04-10,2357.16,124.040519
2017-04-11,2353.78,124.0186731
2017-04-12,2344.93,123.4186075
2017-04-13,2328.95,122.4114302
2017-04-17,2349.01,123.481477
2017-04-18,2342.19,123.1339636
2017-04-19,2338.17,122.6534871
2017-04-20,2355.84,123.3696306
2017-04-21,2348.69,122.9027649
2017-04-24,2374.15,124.2785499
2017-04-25,2388.61,125.1729829
2017-04-26,2387.45,124.9904175
2017-04-27,2388.77,124.9643158
2017-04-28,2384.2,124.7818367
2017-05-01,2388.33,124.9092372
2017-05-02,2391.17,124.8308535
2017-05-03,2388.13,124.7821655
2017-05-04,2389.52,124.8875619
2017-05-05,2399.29,125.1897204
2017-05-08,2399.38,125.1832839
2017-05-09,2396.92,124.9693091
2017-05-10,2399.63,125.1058575
2017-05-11,2394.44,124.8939858
2017-05-12,2390.9,124.630223
2017-05-15,2402.32,125.4346295
2017-05-16,2400.67,125.3554222
2017-05-17,2357.03,123.0427227
2017-05-18,2365.72,123.3737999
2017-05-19,2381.73,124.3417327
2017-05-22,2394.02,124.7198195
2017-05-23,2398.42,124.997255
2017-05-24,2404.39,125.2745337
2017-05-25,2415.07,125.7561288
2017-05-26,2415.82,125.8575495
2017-05-30,2412.91,125.619601
2017-05-31,2411.8,125.6283153
2017-06-01,2430.06,126.5147341
2017-06-02,2439.07,127.028457
2017-06-05,2436.1,126.8547483
2017-06-06,2429.33,126.5373141
2017-06-07,2433.14,126.7443867
2017-06-08,2433.79,127.0077821
2017-06-09,2431.77,127.3491207
2017-06-12,2429.39,127.2580281
2017-06-13,2440.35,127.8105345
2017-06-14,2437.92,127.5740701
2017-06-15,2432.46,127.4579429
2017-06-16,2433.15,127.589286
2017-06-19,2453.46,128.7772775
2017-06-20,2437.03,128.0140612
2017-06-21,2435.61,127.718475
2017-06-22,2434.5,127.6932683
2017-06-23,2438.3,127.6581457
2017-06-26,2439.07,127.8274029
2017-06-27,2419.38,127.0336083
2017-06-28,2440.69,128.1925685
2017-06-29,2419.7,127.2704408
2017-06-30,2423.41,127.3726371
2017-07-03,2429.01,128.0285305
2017-07-05,2432.54,128.1838834
2017-07-06,2409.75,127.1540657
2017-07-07,2425.18,127.8478109
2017-07-10,2427.43,128.0592381
2017-07-11,2425.53,127.8635309
2017-07-12,2443.25,128.6848914
2017-07-13,2447.83,128.9031596
2017-07-14,2459.27,129.6115962
2017-07-17,2459.14,129.3153683
2017-07-18,2460.61,129.3189473
2017-07-19,2473.83,130.2050967
2017-07-20,2473.45,130.2745335
2017-07-21,2472.54,130.1485879
2017-07-24,2469.91,130.1319855
2017-07-25,2477.13,130.4210435
2017-07-26,2477.83,130.3023237
2017-07-27,2475.42,130.026374
2017-07-28,2472.1,130.2624545
2017-07-31,2470.3,130.2803108
2017-08-01,2476.35,130.7598315
2017-08-02,2477.57,131.0379352
2017-08-03,2472.16,130.8246911
2017-08-04,2476.83,131.0910225
2017-08-07,2480.91,131.1541838
2017-08-08,2474.92,130.8887995
2017-08-09,2474.02,130.7551702
2017-08-10,2438.21,128.8131338
2017-08-11,2441.32,128.8594605
2017-08-14,2465.84,130.0668559
2017-08-15,2464.61,130.1036832
2017-08-16,2468.11,130.5115562
2017-08-17,2430.01,128.4963644
2017-08-18,2425.55,128.0655504
2017-08-21,2428.37,128.0711796
2017-08-22,2452.51,129.4024256
2017-08-23,2444.04,129.0279051
2017-08-24,2438.97,128.7864026
2017-08-25,2443.05,129.0438038
2017-08-28,2444.24,129.1499776
2017-08-29,2446.3,129.4698624
2017-08-30,2457.59,130.0263465
2017-08-31,2471.65,130.8554976
2017-09-01,2476.55,131.1280902
2017-09-05,2457.85,130.2956284
2017-09-06,2465.54,130.8751849
2017-09-07,2465.1,130.9374148
2017-09-08,2461.43,130.4861069
2017-09-11,2488.11,131.9667068
2017-09-12,2496.48,132.7688771
2017-09-13,2498.37,132.8370785
2017-09-14,2495.62,132.9316318
2017-09-15,2500.23,133.3528598
2017-09-18,2503.87,133.8691367
2017-09-19,2506.65,134.0706741
2017-09-20,2508.24,133.9564069
2017-09-21,2500.6,133.5630226
2017-09-22,2502.22,133.7932173
2017-09-25,2496.66,133.7697339
2017-09-26,2496.84,133.7493816
2017-09-27,2507.04,134.2121
2017-09-28,2510.06,134.4859354
2017-09-29,2519.36,134.9860642
2017-10-02,2529.12,135.6155528
2017-10-03,2534.58,135.956485
2017-10-04,2537.74,136.0901981
2017-10-05,2552.07,136.6699907
2017-10-06,2549.33,136.4442265
2017-10-09,2544.73,136.3386683
2017-10-10,2550.64,136.872627
2017-10-11,2555.24,136.8562378
2017-10-12,2550.93,136.7784778
2017-10-13,2553.17,136.7809623
2017-10-16,2557.64,137.0909609
2017-10-17,2559.36,137.1623676
2017-10-18,2561.26,137.5288098
2017-10-19,2562.1,137.2876336
2017-10-20,2575.21,137.9662837
2017-10-23,2564.98,137.6111351
2017-10-24,2569.13,138.045219
2017-10-25,2557.15,137.464264
2017-10-26,2560.4,137.2071027
2017-10-27,2581.07,137.6841692
2017-10-30,2572.83,137.2914261
2017-10-31,2575.26,137.5379743
2017-11-01,2579.36,137.7964075
2017-11-02,2579.85,138.1617552
2017-11-03,2587.84,138.5521847
2017-11-06,2591.13,138.7406682
2017-11-07,2590.64,138.7201291
2017-11-08,2594.38,138.8006309
2017-11-09,2584.62,138.3100014
2017-11-10,2582.3,138.2458047
2017-11-13,2584.84,138.2715626
2017-11-14,2578.87,137.7057375
2017-11-15,2564.62,136.7955007
2017-11-16,2585.64,138.1258341
2017-11-17,2578.85,137.6182965
2017-11-20,2582.14,137.7293304
2017-11-21,2599.03,138.8147014
2017-11-22,2597.08,138.5644924
2017-11-24,2602.42,138.661311
2017-11-27,2601.42,138.437845
2017-11-28,2627.04,139.7667092
2017-11-29,2626.07,139.6809366
2017-11-30,2647.58,140.9758096
2017-12-01,2642.22,140.9003863
2017-12-04,2639.44,140.5625987
2017-12-05,2629.57,140.1449394
2017-12-06,2629.27,139.9320713
2017-12-07,2636.98,140.2800878
2017-12-08,2651.5,140.9540109
2017-12-11,2659.99,141.7575795
2017-12-12,2664.11,142.0864366
2017-12-13,2662.85,141.9065863
2017-12-14,2652.01,141.3540648
2017-12-15,2675.81,142.7852582
2017-12-18,2690.16,143.6552959
2017-12-19,2681.47,143.528504
2017-12-20,2679.25,143.4209734
2017-12-21,2684.57,144.1384279
2017-12-22,2683.34,143.9059713
2017-12-26,2680.5,143.7281654
2017-12-27,2682.62,143.8745307
2017-12-28,2687.54,144.0798591
2017-12-29,2673.61,143.3662013
2018-01-02,2695.81,145.0062146
2018-01-03,2713.06,146.1897564
2018-01-04,2723.99,147.0790918
2018-01-05,2743.15,148.138428
2018-01-08,2747.71,148.364633
2018-01-09,2751.29,148.6961035
2018-01-10,2748.23,148.6914326
2018-01-11,2767.56,149.7560963
2018-01-12,2786.24,151.0861692
2018-01-16,2776.42,150.3276567
2018-01-17,2802.56,152.0651612
2018-01-18,2798.03,151.8165828
2018-01-19,2810.3,152.6310088
2018-01-22,2832.97,153.7422771
2018-01-23,2839.13,153.6926511
2018-01-24,2837.54,153.8754656
2018-01-25,2839.25,153.87004
2018-01-26,2872.87,155.8229408
2018-01-29,2853.53,154.814889
2018-01-30,2822.43,152.6501398
2018-01-31,2823.81,152.3004798
2018-02-01,2821.98,152.4075149
2018-02-02,2762.13,149.0573493
2018-02-05,2648.94,142.2738533
2018-02-06,2695.14,144.7149537
2018-02-07,2681.66,143.8749002
2018-02-08,2581,138.5594216
2018-02-09,2619.55,140.0240617
2018-02-12,2656,142.0769002
2018-02-13,2662.94,142.4434294
2018-02-14,2698.63,144.513715
2018-02-15,2731.2,146.5708828
2018-02-16,2732.22,146.9550168
2018-02-20,2716.26,145.7344888
2018-02-21,2701.33,144.9982149
2018-02-22,2703.96,145.4135255
2018-02-23,2747.3,147.8047427
2018-02-26,2779.6,150.0414404
2018-02-27,2744.28,148.09659
2018-02-28,2713.83,146.2595295
2018-03-01,2677.67,143.8988489
2018-03-02,2691.25,144.5312069
2018-03-05,2720.94,146.0403196
2018-03-06,2728.12,146.6292252
2018-03-07,2726.8,146.3903499
2018-03-08,2738.97,147.2870119
2018-03-09,2786.57,150.5590395
2018-03-12,2783.02,150.2014729
2018-03-13,2765.31,148.7723156
2018-03-14,2749.48,147.7596364
2018-03-15,2747.33,147.6469083
2018-03-16,2752.01,147.7248832
2018-03-19,2712.92,145.2374228
2018-03-20,2716.94,145.6923169
2018-03-21,2711.93,146.0174327
2018-03-22,2643.69,141.9942441
2018-03-23,2588.26,138.654285
2018-03-26,2658.55,142.5948274
2018-03-27,2612.62,139.9584502
2018-03-28,2605,139.2861823
2018-03-29,2640.87,141.3718479
2018-04-02,2581.88,137.9004614
2018-04-03,2614.45,139.9054768
2018-04-04,2644.69,141.4951124
2018-04-05,2662.84,142.400754
2018-04-06,2604.47,138.9353503
2018-04-09,2613.16,139.5110361
2018-04-10,2656.87,141.8776912
2018-04-11,2642.19,140.9230313
2018-04-12,2663.99,142.1610356
2018-04-13,2656.3,141.7808716
2018-04-16,2677.84,142.7753183
2018-04-17,2706.39,144.1285495
2018-04-18,2708.64,144.0121777
2018-04-19,2693.13,143.1833714
2018-04-20,2670.14,141.8456543
2018-04-23,2670.29,141.6564847
2018-04-24,2634.56,139.4248983
2018-04-25,2639.4,139.7147676
2018-04-26,2666.94,140.8687764
2018-04-27,2669.91,140.6834175
2018-04-30,2648.05,139.742775
2018-05-01,2654.8,139.8290509
2018-05-02,2635.67,138.943446
2018-05-03,2629.73,138.4363145
2018-05-04,2663.42,140.5570703
2018-05-07,2672.63,141.1597036
2018-05-08,2671.92,141.267858
2018-05-09,2697.79,142.5795089
2018-05-10,2723.07,144.0605289
2018-05-11,2727.72,144.6326532
2018-05-14,2730.13,145.0887859
2018-05-15,2711.45,143.8491843
2018-05-16,2722.46,144.5751386
2018-05-17,2720.13,144.4684064
2018-05-18,2712.97,144.1773098
2018-05-21,2733.01,145.2552498
2018-05-22,2724.44,144.890669
2018-05-23,2733.29,145.2159877
2018-05-24,2727.76,144.6598721
2018-05-25,2721.33,143.8874205
2018-05-29,2689.86,141.7188315
2018-05-30,2724.01,143.6708869
2018-05-31,2705.27,142.5451816
2018-06-01,2734.62,144.1539769
2018-06-04,2746.87,144.7999001
2018-06-05,2748.8,144.4981931
2018-06-06,2772.35,146.3227659
2018-06-07,2770.37,146.4975372
2018-06-08,2779.03,146.9541266
2018-06-11,2782,146.9950244
2018-06-12,2786.85,146.6980363
2018-06-13,2775.63,146.5791948
2018-06-14,2782.49,146.9603817
2018-06-15,2779.66,146.5259947
2018-06-18,2773.75,145.9800474
2018-06-19,2762.59,145.392131
2018-06-20,2767.32,145.7822554
2018-06-21,2749.76,144.5755672
2018-06-22,2754.88,145.2138321
2018-06-25,2717.07,143.2083993
2018-06-26,2723.06,143.442656
2018-06-27,2699.63,142.5332492
2018-06-28,2716.31,142.8132552
2018-06-29,2718.37,142.7037512
2018-07-02,2726.71,143.0599097
2018-07-03,2713.22,142.0523553
2018-07-05,2736.61,143.0212069
2018-07-06,2759.82,144.3367098
2018-07-09,2784.17,146.1616171
2018-07-10,2793.84,146.7629969
2018-07-11,2774.02,145.2638823
2018-07-12,2798.29,146.6845631
2018-07-13,2801.31,147.1617423
2018-07-16,2798.43,146.5006589
2018-07-17,2809.55,147.2415427
2018-07-18,2815.62,147.8261228
2018-07-19,2804.49,146.9237049
2018-07-20,2801.83,146.5440673
2018-07-23,2806.98,146.6662137
2018-07-24,2820.4,147.5755703
2018-07-25,2846.07,148.7199818
2018-07-26,2837.44,149.2569664
2018-07-27,2818.82,148.6425129
2018-07-30,2802.6,147.9144199
2018-07-31,2816.29,148.5477959
2018-08-01,2813.36,147.6095479
2018-08-02,2827.22,147.625494
2018-08-03,2840.35,148.5808405
2018-08-06,2850.4,148.8699841
2018-08-07,2858.45,149.6160175
2018-08-08,2857.7,149.4426538
2018-08-09,2853.58,149.0663465
2018-08-10,2833.28,147.9124085
2018-08-13,2821.93,147.3161931
2018-08-14,2839.96,148.144351
2018-08-15,2818.37,146.8915517
2018-08-16,2840.69,148.3901526
2018-08-17,2850.13,149.0568195
2018-08-20,2857.05,149.3853218
2018-08-21,2862.96,149.7400594
2018-08-22,2861.82,150.1226564
2018-08-23,2856.98,149.7128207
2018-08-24,2874.69,150.5923465
2018-08-27,2896.74,152.0716824
2018-08-28,2897.52,152.0766661
2018-08-29,2914.04,152.7909488
2018-08-30,2901.13,152.009018
2018-08-31,2901.52,152.0492377
2018-09-04,2896.72,151.5674066
2018-09-05,2888.6,151.5717674
2018-09-06,2878.05,151.0824948
2018-09-07,2871.68,150.7191723
2018-09-10,2877.13,151.077249
2018-09-11,2887.89,151.2497422
2018-09-12,2888.92,151.274494
2018-09-13,2904.18,152.5054716
2018-09-14,2904.98,152.4471359
2018-09-17,2888.8,151.8965514
2018-09-18,2904.31,153.0645137
2018-09-19,2907.95,153.7893633
2018-09-20,2930.75,155.0672313
2018-09-21,2929.67,155.2724875
2018-09-24,2919.37,154.8621262
2018-09-25,2915.56,154.6483185
2018-09-26,2905.97,154.3599345
2018-09-27,2914,154.864914
2018-09-28,2913.98,154.9002514
2018-10-01,2924.59,155.9704768
2018-10-02,2923.43,156.1556453
2018-10-03,2925.51,156.0120581
2018-10-04,2901.61,154.9013642
2018-10-05,2885.57,153.7691957
2018-10-08,2884.43,153.8543051
2018-10-09,2880.34,153.4753625
2018-10-10,2785.68,148.1129681
2018-10-11,2728.37,144.909466
2018-10-12,2767.13,147.1692465
2018-10-15,2750.79,146.5003142
2018-10-16,2809.92,149.4163419
2018-10-17,2809.21,149.1316484
2018-10-18,2768.78,146.9921229
2018-10-19,2767.78,146.9435857
2018-10-22,2755.88,146.1039634
2018-10-23,2740.69,145.0411808
2018-10-24,2656.1,139.5838799
2018-10-25,2705.57,142.4051056
2018-10-26,2658.69,140.4386184
2018-10-29,2641.25,139.6676055
2018-10-30,2682.63,142.1337161
2018-10-31,2711.74,143.3685424
2018-11-01,2740.37,144.8884856
2018-11-02,2723.06,143.7154564
2018-11-05,2738.31,144.7382402
2018-11-06,2755.45,146.0919678
2018-11-07,2813.89,148.960319
2018-11-08,2806.83,148.8428852
2018-11-09,2781.01,147.8025205
2018-11-12,2726.22,145.1081825
2018-11-13,2722.18,144.9171407
2018-11-14,2701.58,144.3198669
2018-11-15,2730.2,146.2511999
2018-11-16,2736.27,146.8151234
2018-11-19,2690.73,144.8318689
2018-11-20,2641.89,141.9194945
2018-11-21,2649.93,142.3773221
2018-11-23,2632.56,141.4755138
2018-11-26,2673.45,143.5668655
2018-11-27,2682.17,143.9708508
2018-11-28,2743.79,147.0867597
2018-11-29,2737.76,146.761534
2018-11-30,2760.17,148.1209973
2018-12-03,2790.37,149.5621649
2018-12-04,2700.06,144.2680863
2018-12-06,2695.95,144.0876609
2018-12-07,2633.08,140.5237437
2018-12-10,2637.72,140.5921772
2018-12-11,2636.78,140.2259274
2018-12-12,2651.07,140.9188113
2018-12-13,2650.54,140.9050767
2018-12-14,2599.95,138.0886468
2018-12-17,2545.94,135.6316645
2018-12-18,2546.16,135.7994786
2018-12-19,2506.96,133.9126093
2018-12-20,2467.42,131.8632003
2018-12-21,2416.62,128.9324107
2018-12-24,2351.1,125.5981626
2018-12-26,2467.7,132.0711775
2018-12-27,2488.83,133.0975662
2018-12-28,2485.74,133.0657539
2018-12-31,2506.85,134.2418424
2019-01-02,2510.03,134.6643647
2019-01-03,2447.89,131.0410179
2019-01-04,2531.94,135.6043793
2019-01-07,2549.69,136.3192697
2019-01-08,2574.41,137.3660681
2019-01-09,2584.96,138.0147864
2019-01-10,2596.64,138.8914777
2019-01-11,2596.26,138.4834588
2019-01-14,2582.61,138.1243486
2019-01-15,2610.3,139.2536825
2019-01-16,2616.1,140.0205534
2019-01-17,2635.96,141.1422595
2019-01-18,2670.71,143.0151738
2019-01-22,2632.9,140.6684594
2019-01-23,2638.7,141.7147615
2019-01-24,2642.33,141.7662209
2019-01-25,2664.76,142.9417262
2019-01-28,2643.85,141.2423218
2019-01-29,2640,141.3091277
2019-01-30,2681.05,143.2905722
2019-01-31,2704.1,144.6588725
2019-02-01,2706.53,144.5921735
2019-02-04,2724.87,145.5810376
2019-02-05,2737.7,146.3989661
2019-02-06,2731.61,146.4844019
2019-02-07,2706.05,144.9314106
2019-02-08,2707.88,144.9951738
2019-02-11,2709.8,145.3908115
2019-02-12,2744.73,147.6697019
2019-02-13,2753.03,148.2370592
2019-02-14,2745.73,147.9722056
2019-02-15,2775.6,150.0657765
2019-02-19,2779.76,150.3435128
2019-02-20,2784.7,150.4135339
2019-02-21,2774.88,149.3227262
2019-02-22,2792.67,150.0591376
2019-02-25,2796.11,150.4688324
2019-02-26,2793.9,150.299533
2019-02-27,2792.38,150.3092347
2019-02-28,2784.49,149.5001226
2019-03-01,2803.69,150.8158331
2019-03-04,2792.81,150.4273308
2019-03-05,2789.65,149.8684096
2019-03-06,2771.45,148.8410448
2019-03-07,2748.93,147.5637857
2019-03-08,2743.07,147.1912938
2019-03-11,2783.3,149.5160736
2019-03-12,2791.52,149.9748786
2019-03-13,2810.92,151.603696
2019-03-14,2808.48,151.843191
2019-03-15,2822.48,152.4431413
2019-03-18,2832.94,153.2374907
2019-03-19,2832.57,153.1115844
2019-03-20,2824.23,152.6758842
2019-03-21,2854.88,154.2964558
2019-03-22,2800.71,150.8622062
2019-03-25,2798.36,150.3517882
2019-03-26,2818.46,151.653099
2019-03-27,2805.37,150.7296093
2019-03-28,2815.44,151.4001746
2019-03-29,2834.4,152.4425328
2019-04-01,2867.19,154.5024962
2019-04-02,2867.24,154.1025328
2019-04-03,2873.4,154.386167
2019-04-04,2879.39,154.6108955
2019-04-05,2892.74,155.2695595
2019-04-08,2895.77,155.6982051
2019-04-09,2878.2,154.4909752
2019-04-10,2888.21,154.966135
2019-04-11,2888.32,154.9422169
2019-04-12,2907.41,155.7385147
2019-04-15,2905.58,155.7151404
2019-04-16,2907.06,156.3133674
2019-04-17,2900.45,155.5265944
2019-04-18,2905.03,155.8637971
2019-04-22,2907.97,155.7868068
2019-04-23,2933.68,157.4210357
2019-04-24,2927.25,156.9825736
2019-04-25,2926.17,156.5676059
2019-04-26,2939.88,156.8574455
2019-04-29,2943.03,156.9802284
2019-04-30,2945.83,157.2518758
2019-05-01,2923.73,156.1873965
2019-05-02,2917.52,155.5300348
2019-05-03,2945.64,157.1009114
2019-05-06,2932.47,156.3185073
2019-05-07,2884.05,153.2154894
2019-05-08,2879.42,153.0441096
2019-05-09,2870.72,152.7471366
2019-05-10,2881.4,153.2461856
2019-05-13,2811.87,148.9539578
2019-05-14,2834.41,150.4351314
2019-05-15,2850.96,151.2231491
2019-05-16,2876.32,152.5640632
2019-05-17,2859.53,151.5386865
2019-05-20,2840.23,150.5470338
2019-05-21,2864.36,152.0828876
2019-05-22,2856.27,151.16825
2019-05-23,2822.24,148.7795692
2019-05-24,2826.06,149.4179466
2019-05-28,2802.39,147.7951493
2019-05-29,2783.02,146.788481
2019-05-30,2788.86,146.6350671
2019-05-31,2752.06,144.5313528
2019-06-03,2744.45,144.8423026
2019-06-04,2803.27,148.1146568
2019-06-05,2826.15,148.6792779
2019-06-06,2843.49,149.6285202
2019-06-07,2873.34,151.2276874
2019-06-10,2886.73,151.9886491
2019-06-11,2885.72,151.6818226
2019-06-12,2879.84,151.159016
2019-06-13,2891.64,151.8584402
2019-06-14,2886.98,151.2319529
2019-06-17,2889.67,151.2266888
2019-06-18,2917.75,153.2192932
2019-06-19,2926.46,153.7142051
2019-06-20,2954.18,155.9826112
2019-06-21,2950.46,155.8870935
2019-06-24,2945.35,155.3972089
2019-06-25,2917.38,153.6313807
2019-06-26,2913.78,154.1560053
2019-06-27,2924.92,154.7219499
2019-06-28,2941.76,155.4444374
2019-07-01,2964.33,157.0998312
2019-07-02,2973.01,157.0447304
2019-07-03,2995.82,158.3497324
2019-07-05,2990.41,158.0194656
2019-07-08,2975.95,157.0604636
2019-07-09,2979.63,157.1321707
2019-07-10,2993.07,157.8676433
2019-07-11,2999.91,158.4432369
2019-07-12,3013.77,159.404777
2019-07-15,3014.3,159.3268001
2019-07-16,3004.04,158.4546036
2019-07-17,2984.42,157.3516761
2019-07-18,2995.11,159.0428626
2019-07-19,2976.61,158.1848693
2019-07-22,2985.03,158.6432936
2019-07-23,3005.47,159.6854614
2019-07-24,3019.56,160.3990533
2019-07-25,3003.67,159.8576316
2019-07-26,3025.86,160.9292433
2019-07-29,3020.97,160.9535631
2019-07-30,3013.18,160.5623089
2019-07-31,2980.38,158.7864439
2019-08-01,2953.56,157.2632775
2019-08-02,2932.05,155.9995485
2019-08-05,2844.74,150.7524585
2019-08-06,2881.77,152.609703
2019-08-07,2883.98,152.5315164
2019-08-08,2938.09,155.7674448
2019-08-09,2918.65,154.6063853
2019-08-12,2883.75,152.7356733
2019-08-13,2926.32,155.3232777
2019-08-14,2840.6,150.5180773
2019-08-15,2847.6,150.3629885
2019-08-16,2888.68,152.9922943
2019-08-19,2923.65,154.9492389
2019-08-20,2900.51,153.5310446
2019-08-21,2924.43,154.6600932
2019-08-22,2922.95,154.6979069
2019-08-23,2847.11,150.3643255
2019-08-26,2878.38,152.0123748
2019-08-27,2869.16,151.960719
2019-08-28,2887.94,153.0137539
2019-08-29,2924.58,154.9576463
2019-08-30,2926.46,155.2096415
2019-09-03,2906.27,153.7296384
2019-09-04,2937.78,155.6429726
2019-09-05,2976,158.2185487
2019-09-06,2978.71,158.1274369
2019-09-09,2978.43,158.7168192
2019-09-10,2979.39,158.603077
2019-09-11,3000.93,159.5851559
2019-09-12,3009.57,159.4232129
2019-09-13,3007.39,159.5644152
2019-09-16,2997.96,158.9744718
2019-09-17,3005.7,159.2752615
2019-09-18,3006.73,159.3109383
2019-09-19,3006.79,159.1319747
2019-09-20,2992.07,158.2752703
2019-09-23,2991.78,158.6516153
2019-09-24,2966.6,157.3220555
2019-09-25,2984.87,158.5750375
2019-09-26,2977.62,158.321192
2019-09-27,2961.79,157.9333485
2019-09-30,2976.74,158.577165
2019-10-01,2940.25,156.146376
2019-10-02,2887.61,153.2033799
2019-10-03,2910.63,154.4837248
2019-10-04,2952.01,156.7992912
2019-10-07,2938.79,156.2271003
2019-10-08,2893.06,153.3523875
2019-10-09,2919.4,155.119801
2019-10-10,2938.13,156.6513245
2019-10-11,2970.27,158.8739117
2019-10-14,2966.15,158.6039066
2019-10-15,2995.68,160.1078113
2019-10-16,2989.69,159.2422111
2019-10-17,2997.95,159.4503486
2019-10-18,2986.2,158.6241807
2019-10-21,3006.72,160.008272
2019-10-22,2995.99,159.6147772
2019-10-23,3004.52,159.3925372
2019-10-24,3010.29,159.7050392
2019-10-25,3022.55,160.7985128
2019-10-28,3039.42,161.5578563
2019-10-29,3036.89,161.3668398
2019-10-30,3046.77,161.7698324
2019-10-31,3037.56,161.2280498
2019-11-01,3066.91,163.5446012
2019-11-04,3078.27,165.0744393
2019-11-05,3074.62,165.5721744
2019-11-06,3076.78,165.9347017
2019-11-07,3085.18,167.3393604
2019-11-08,3093.08,167.8159743
2019-11-11,3087.01,167.0717228
2019-11-12,3091.84,167.2273154
2019-11-13,3094.04,167.0742692
2019-11-14,3096.63,166.9762841
2019-11-15,3120.46,168.2152639
2019-11-18,3122.03,167.9382157
2019-11-19,3120.18,168.0176523
2019-11-20,3108.46,167.2253859
2019-11-21,3103.54,167.3475917
2019-11-22,3110.29,167.3245514
2019-11-25,3133.64,168.6081602
2019-11-26,3140.52,168.656145
2019-11-27,3153.63,169.1532477
2019-11-29,3140.98,168.5726556
2019-12-02,3113.87,166.913079
2019-12-03,3093.2,165.3874366
2019-12-04,3112.76,166.5268164
2019-12-05,3117.43,166.7995676
2019-12-06,3145.91,168.757264
2019-12-09,3135.96,168.3062234
2019-12-10,3132.52,167.9507783
2019-12-11,3141.63,168.4334207
2019-12-12,3168.57,170.4342442
2019-12-13,3168.8,170.4290175
2019-12-16,3191.45,171.4488501
2019-12-17,3192.52,171.4460347
2019-12-18,3191.14,171.148111
2019-12-19,3205.37,171.7844649
2019-12-20,3221.22,172.6866799
2019-12-23,3224.01,173.0625058
2019-12-24,3223.38,172.9748601
2019-12-26,3239.91,173.8978765
2019-12-27,3240.02,173.763596
2019-12-30,3221.29,172.7646353
2019-12-31,3230.78,173.2907668
2020-01-02,3257.85,175.3616035
2020-01-03,3234.85,174.1394095
2020-01-06,3246.28,174.6480429
2020-01-07,3237.18,174.3716454
2020-01-08,3253.05,175.1130827
2020-01-09,3274.7,176.519258
2020-01-10,3265.35,175.7852882
2020-01-13,3288.13,177.1088716
2020-01-14,3283.15,176.3980136
2020-01-15,3289.29,176.6017549
2020-01-16,3316.81,177.9205155
2020-01-17,3329.62,178.8214228
2020-01-21,3320.79,177.9468092
2020-01-22,3321.75,178.271486
2020-01-23,3325.54,178.1547898
2020-01-24,3295.47,176.301578
2020-01-27,3243.63,173.1571009
2020-01-28,3276.24,175.0658483
2020-01-29,3273.4,174.7837753
2020-01-30,3283.66,175.6026509
2020-01-31,3225.52,171.9835407
2020-02-03,3248.92,172.9005591
2020-02-04,3297.59,175.3847488
2020-02-05,3334.69,178.5837809
2020-02-06,3345.78,179.1376965
2020-02-07,3327.71,177.9932878
2020-02-10,3352.09,178.9634706
2020-02-11,3357.75,179.4484812
2020-02-12,3379.45,180.9759138
2020-02-13,3373.94,180.3629061
2020-02-14,3380.16,180.5439038
2020-02-18,3370.29,179.4590215
2020-02-19,3386.15,180.5786258
2020-02-20,3373.23,179.5969008
2020-02-21,3337.75,177.8747117
2020-02-24,3225.89,171.5163273
2020-02-25,3128.21,165.6043221
2020-02-26,3116.39,164.6519743
2020-02-27,2978.76,156.9112997
2020-02-28,2954.22,155.8507136
2020-03-02,3090.23,163.1108042
2020-03-03,3003.37,158.3283416
2020-03-04,3130.12,165.2075475
2020-03-05,3023.94,158.8014804
2020-03-06,2972.37,155.6625542
2020-03-09,2746.56,142.7831322
2020-03-10,2882.23,150.5785354
2020-03-11,2741.38,142.5283782
2020-03-12,2480.64,129.178814
2020-03-13,2711.02,142.5031376
2020-03-16,2386.13,125.2462597
2020-03-17,2529.19,132.8839883
2020-03-18,2398.1,125.1340301
2020-03-19,2409.39,126.1083291
2020-03-20,2304.92,120.8712827
2020-03-23,2237.4,116.7393806
2020-03-24,2447.33,129.0245767
2020-03-25,2475.56,130.4857395
2020-03-26,2630.07,139.5265159
2020-03-27,2541.47,134.0176438
2020-03-30,2626.65,138.3773325
2020-03-31,2584.59,136.1660515
2020-04-01,2470.5,130.1840363
2020-04-02,2526.9,133.5393448
2020-04-03,2488.65,130.676402
2020-04-06,2663.68,140.717615
2020-04-07,2659.41,140.9046901
2020-04-08,2749.98,146.3613183
2020-04-09,2789.82,149.0505304
2020-04-13,2761.63,146.6417752
2020-04-14,2846.06,149.8517711
2020-04-15,2783.36,145.5244504
2020-04-16,2799.55,144.921112
2020-04-17,2874.56,150.7355834
2020-04-20,2823.16,148.0427014
2020-04-21,2736.56,143.5457484
2020-04-22,2799.31,146.6296157
2020-04-23,2797.8,146.8891905
2020-04-24,2836.74,148.9001199
2020-04-27,2878.48,152.2276331
2020-04-28,2863.39,152.1311729
2020-04-29,2939.51,157.1378023
2020-04-30,2912.43,154.3944177
2020-05-01,2830.71,149.7726005
2020-05-04,2842.74,150.1296283
2020-05-05,2868.44,151.5732936
2020-05-06,2848.42,150.3058694
2020-05-07,2881.19,152.5941494
2020-05-08,2929.8,155.3982391
2020-05-11,2930.32,154.5943476
2020-05-12,2870.12,151.0082586
2020-05-13,2820,147.8793561
2020-05-14,2852.5,149.8711768
2020-05-15,2863.7,150.4850016
2020-05-18,2953.91,156.4511908
2020-05-19,2922.94,154.3386017
2020-05-20,2971.61,157.1735576
2020-05-21,2948.51,156.4676914
2020-05-22,2955.45,156.3820705
2020-05-26,2991.77,159.9655846
2020-05-27,3036.13,163.5487248
2020-05-28,3029.73,162.2998723
2020-05-29,3044.31,162.1724417
2020-06-01,3055.73,163.2119273
2020-06-02,3080.82,164.7731117
2020-06-03,3122.87,168.0683986
2020-06-04,3112.35,167.661727
2020-06-05,3193.93,172.7981167
2020-06-08,3232.39,175.0800662
2020-06-09,3207.18,173.0040614
2020-06-10,3190.14,171.1939687
2020-06-11,3002.1,159.8931698
2020-06-12,3041.31,163.1893204
2020-06-15,3066.59,164.5274364
2020-06-16,3124.74,168.0484872
2020-06-17,3113.49,166.9313999
2020-06-18,3115.34,166.8623046
2020-06-19,3097.74,165.5279264
2020-06-22,3117.86,166.2772016
2020-06-23,3131.29,166.8504843
2020-06-24,3050.33,162.2164201
2020-06-25,3083.76,164.3615019
2020-06-26,3009.05,159.9896154
2020-06-29,3053.24,162.4065291
2020-06-30,3100.29,164.5663912
2020-07-01,3115.86,164.6021417
2020-07-02,3130.01,165.685469
2020-07-06,3179.72,168.0208485
2020-07-07,3145.32,165.5016488
2020-07-08,3169.94,166.7253799
2020-07-09,3152.05,164.2391702
2020-07-10,3185.04,166.8580086
2020-07-13,3155.22,165.9135696
2020-07-14,3197.52,168.0105211
2020-07-15,3226.56,170.261118
2020-07-16,3215.57,169.6785518
2020-07-17,3224.73,170.2443367
2020-07-20,3251.84,170.2284834
2020-07-21,3257.3,171.6985318
2020-07-22,3276.02,171.9438714
2020-07-23,3235.66,170.1670286
2020-07-24,3215.63,169.045026
2020-07-27,3239.41,170.1453766
2020-07-28,3218.44,168.9934456
2020-07-29,3258.44,170.365162
2020-07-30,3246.22,168.4368098
2020-07-31,3271.12,168.5005739
2020-08-03,3294.61,170.0506131
2020-08-04,3306.51,170.634193
2020-08-05,3327.77,172.0347917
2020-08-06,3349.16,172.4713643
2020-08-07,3351.28,173.17031
2020-08-10,3360.47,174.1709245
2020-08-11,3333.69,173.9287739
2020-08-12,3380.35,175.8284896
2020-08-13,3373.43,175.0787167
2020-08-14,3372.85,175.0601663
2020-08-17,3381.99,174.9010962
2020-08-18,3389.78,174.7351985
2020-08-19,3374.85,174.1533089
2020-08-20,3385.51,173.7385356
2020-08-21,3397.16,174.434249
2020-08-24,3431.28,177.1197493
2020-08-25,3443.62,176.9099971
2020-08-26,3478.73,178.0285644
2020-08-27,3484.55,178.377605
2020-08-28,3508.01,179.5189039
2020-08-31,3500.31,178.3990866
2020-09-01,3526.65,179.2519983
2020-09-02,3580.84,182.0990536
2020-09-03,3455.06,176.6725003
2020-09-04,3426.96,175.4254555
2020-09-08,3331.84,170.9046873
2020-09-09,3398.96,173.7378731
2020-09-10,3339.19,171.0112388
2020-09-11,3340.97,171.4578214
2020-09-14,3383.54,173.1808141
2020-09-15,3401.2,173.3928963
2020-09-16,3385.49,173.3997504
2020-09-17,3357.01,171.9185684
2020-09-18,3319.47,170.0293923
2020-09-21,3281.06,167.8663321
2020-09-22,3315.57,168.5552966
2020-09-23,3236.92,164.876604
2020-09-24,3246.59,165.3192933
2020-09-25,3298.46,167.2008676
2020-09-28,3351.6,170.2310135
2020-09-29,3335.47,168.8345595
2020-09-30,3363,170.5625372
2020-10-01,3380.8,170.2628439
2020-10-02,3348.44,169.4064665
2020-10-05,3408.63,172.2134717
2020-10-06,3360.95,170.2337796
2020-10-07,3419.45,173.5347046
2020-10-08,3446.83,175.5917718
2020-10-09,3477.13,176.4202294
2020-10-12,3534.22,178.5595469
2020-10-13,3511.93,177.737598
2020-10-14,3488.67,177.0547031
2020-10-15,3483.34,176.6288971
2020-10-16,3483.81,177.175538
2020-10-19,3426.92,174.5210339
2020-10-20,3443.12,175.109787
2020-10-21,3435.56,173.7762615
2020-10-22,3453.49,174.998145
2020-10-23,3465.39,175.3459214
2020-10-26,3400.97,171.6678773
2020-10-27,3390.68,170.0199197
2020-10-28,3271.03,164.0122889
2020-10-29,3310.11,166.2026214
2020-10-30,3269.96,165.2329854
2020-11-02,3310.24,167.9452082
2020-11-03,3369.16,171.5504377
2020-11-04,3443.44,174.3010463
2020-11-05,3510.45,177.8921093
2020-11-06,3509.44,178.0244692
2020-11-09,3550.5,182.6505261
2020-11-10,3545.53,182.8106981
2020-11-11,3572.66,183.7505582
2020-11-12,3537.01,181.9420014
2020-11-13,3585.15,184.7982203
2020-11-16,3626.91,187.9994719
2020-11-17,3609.53,187.1661769
2020-11-18,3567.79,184.7788107
2020-11-19,3581.87,185.6377346
2020-11-20,3557.54,184.4004909
2020-11-23,3577.59,186.8650427
2020-11-24,3635.41,191.1556729
2020-11-25,3629.65,190.1679357
2020-11-27,3638.35,190.4250262
2020-11-30,3621.63,188.9121822
2020-12-01,3662.45,190.3903378
2020-12-02,3669.01,191.6193797
2020-12-03,3666.72,191.8059619
2020-12-04,3699.12,193.9396292
2020-12-07,3691.96,193.4963691
2020-12-08,3702.25,194.2217531
2020-12-09,3672.82,193.8947436
2020-12-10,3668.1,193.9616718
2020-12-11,3663.46,194.2473376
2020-12-14,3647.49,192.2477165
2020-12-15,3694.62,194.9269425
2020-12-16,3701.17,195.0563087
2020-12-17,3722.48,196.5069173
2020-12-18,3709.41,195.1307005
2020-12-21,3694.92,195.2035463
2020-12-22,3687.26,194.4321174
2020-12-23,3690.01,195.1454355
2020-12-24,3703.06,195.5539817
2020-12-28,3735.36,196.7739399
2020-12-29,3727.04,196.0131709
2020-12-30,3732.04,196.4436184
2020-12-31,3756.07,197.7309767
2021-01-04,3700.65,195.4639054
2021-01-05,3726.86,197.3530671
2021-01-06,3748.14,199.6624775
2021-01-07,3803.79,201.4260684
2021-01-08,3824.68,202.6738935
2021-01-11,3799.61,202.7926862
2021-01-12,3801.19,203.0293254
2021-01-13,3809.84,203.2428814
2021-01-14,3795.54,203.0846625
2021-01-15,3768.25,200.8327633
2021-01-19,3798.91,201.8771429
2021-01-20,3851.85,203.7723816
2021-01-21,3853.07,202.8670864
2021-01-22,3841.47,201.0162493
2021-01-25,3855.36,200.8751181
2021-01-26,3849.62,200.5923845
2021-01-27,3750.77,195.5131132
2021-01-28,3787.38,198.133648
2021-01-29,3714.24,194.6325787
2021-02-01,3773.86,196.3663667
2021-02-02,3826.31,199.9967853
2021-02-03,3830.17,200.2201849
2021-02-04,3871.74,202.6382945
2021-02-05,3886.83,203.6915248
2021-02-08,3915.59,205.8955108
2021-02-09,3911.23,205.7345134
2021-02-10,3909.88,205.7791778
2021-02-11,3916.38,205.6158645
2021-02-12,3934.83,206.7060359
2021-02-16,3932.59,207.0156548
2021-02-17,3931.33,207.3211081
2021-02-18,3913.97,206.1452392
2021-02-19,3906.71,206.4048992
2021-02-22,3876.5,205.6691914
2021-02-23,3881.37,205.4441324
2021-02-24,3925.43,208.2754739
2021-02-25,3829.34,203.5520889
2021-02-26,3811.15,201.0432043
2021-03-01,3901.82,206.322444
2021-03-02,3870.29,205.3916645
2021-03-03,3819.72,203.5006355
2021-03-04,3768.47,201.3256061
2021-03-05,3841.94,205.0407041
2021-03-08,3821.35,205.7794641
2021-03-09,3875.44,207.3856243
2021-03-10,3898.81,209.4813759
2021-03-11,3939.34,210.4076249
2021-03-12,3943.34,211.2642337
2021-03-15,3968.94,212.220031
2021-03-16,3962.71,211.7707717
2021-03-17,3974.12,212.1444109
2021-03-18,3915.46,210.1805504
2021-03-19,3913.1,210.3512158
2021-03-22,3940.59,211.272663
2021-03-23,3910.52,209.1927552
2021-03-24,3889.14,208.6474082
2021-03-25,3909.52,210.3571476
2021-03-26,3974.54,214.6019112
2021-03-29,3971.09,214.078473
2021-03-30,3958.55,213.4964603
2021-03-31,3972.89,213.529067
2021-04-01,4019.87,215.7544888
2021-04-05,4077.91,217.9709513
2021-04-06,4073.94,217.841605
2021-04-07,4079.95,217.7490019
2021-04-08,4097.17,218.9858439
2021-04-09,4128.8,221.2373863
2021-04-12,4127.99,221.1440796
2021-04-13,4141.59,221.1608596
2021-04-14,4124.66,221.0534775
2021-04-15,4170.42,222.8483798
2021-04-16,4185.47,223.7949924
2021-04-19,4163.26,222.4854792
2021-04-20,4134.94,220.7903287
2021-04-21,4173.42,223.378651
2021-04-22,4134.98,221.2311673
2021-04-23,4180.17,223.8527475
2021-04-26,4187.62,224.0175432
2021-04-27,4186.72,225.1178434
2021-04-28,4183.18,225.010426
2021-04-29,4211.47,226.7671578
2021-04-30,4181.17,225.0082359
2021-05-03,4192.66,226.7743664
2021-05-04,4164.66,225.7515061
2021-05-05,4167.59,226.0032014
2021-05-06,4201.62,228.4799419
2021-05-07,4232.6,230.1138634
2021-05-10,4188.43,228.3345038
2021-05-11,4152.1,225.742044
2021-05-12,4063.04,220.8274083
2021-05-13,4112.5,223.8758032
2021-05-14,4173.85,226.9192258
2021-05-17,4163.29,226.2090827
2021-05-18,4127.83,224.2446863
2021-05-19,4115.68,223.7402281
2021-05-20,4159.12,225.8272771
2021-05-21,4155.86,226.3181171
2021-05-24,4197.05,228.0540415
2021-05-25,4188.13,227.5137862
2021-05-26,4195.99,227.8782492
2021-05-27,4200.88,228.5555889
2021-05-28,4204.11,229.4088117
2021-06-01,4202.04,229.0502378
2021-06-02,4208.12,229.0714062
2021-06-03,4192.85,228.3318054
2021-06-04,4229.89,229.9507836
2021-06-07,4226.52,229.7694567
2021-06-08,4227.26,229.8346021
2021-06-09,4219.55,229.1936967
2021-06-10,4239.18,230.0033289
2021-06-11,4247.44,230.4284348
2021-06-14,4255.15,230.3105525
2021-06-15,4246.59,229.6297578
2021-06-16,4223.7,228.1298172
2021-06-17,4221.86,227.4073434
2021-06-18,4166.45,224.4521859
2021-06-21,4224.79,228.200813
2021-06-22,4246.44,229.2818085
2021-06-23,4241.84,229.1373178
2021-06-24,4266.49,230.8927843
2021-06-25,4280.7,231.6345036
2021-06-28,4290.61,231.3027497
2021-06-29,4291.8,231.4192479
2021-06-30,4297.5,232.1607087
2021-07-01,4319.94,233.421972
2021-07-02,4352.34,234.3861664
2021-07-06,4343.54,233.1236313
2021-07-07,4358.13,233.7137049
2021-07-08,4320.82,231.8295619
2021-07-09,4369.55,234.851089
2021-07-12,4384.63,235.6850511
2021-07-13,4369.21,234.3849555
2021-07-14,4374.3,234.1721541
2021-07-15,4360.03,233.9946761
2021-07-16,4327.16,232.0702007
2021-07-19,4258.49,228.1371214
2021-07-20,4323.06,232.0713025
2021-07-21,4358.69,234.0685124
2021-07-22,4367.48,234.2975979
2021-07-23,4411.79,235.8768318
2021-07-26,4422.3,236.4020464
2021-07-27,4401.46,235.0162992
2021-07-28,4400.64,234.7699478
2021-07-29,4419.15,235.8768165
2021-07-30,4395.26,234.2326374
2021-08-02,4387.16,234.0189256
2021-08-03,4423.15,236.3304738
2021-08-04,4402.66,234.2979554
2021-08-05,4429.1,236.7562493
2021-08-06,4436.52,237.5084671
2021-08-09,4432.35,236.9896659
2021-08-10,4436.75,238.2307491
2021-08-11,4447.7,239.0805413
2021-08-12,4460.83,240.1298157
2021-08-13,4468,240.410514
2021-08-16,4479.71,240.8266961
2021-08-17,4448.08,238.7134331
2021-08-18,4400.27,236.9254644
2021-08-19,4405.8,236.2770947
2021-08-20,4441.67,238.3769493
2021-08-23,4479.53,240.4047496
2021-08-24,4486.23,240.7865558
2021-08-25,4496.19,241.4387671
2021-08-26,4470,240.4742614
2021-08-27,4509.37,242.4907509
2021-08-30,4528.79,243.0307177
2021-08-31,4522.68,242.7258382
2021-09-01,4524.09,242.6820102
2021-09-02,4536.95,244.1255329
2021-09-03,4535.43,243.9657975
2021-09-07,4520.03,243.2522681
2021-09-08,4514.07,242.3593052
2021-09-09,4493.28,241.5329988
2021-09-10,4458.58,240.1895029
2021-09-13,4468.73,240.6927951
2021-09-14,4443.05,239.0228444
2021-09-15,4480.7,241.3110641
2021-09-16,4473.75,240.3667338
2021-09-17,4432.99,238.5725259
2021-09-20,4357.73,235.1042366
2021-09-21,4354.19,234.6737352
2021-09-22,4395.64,237.6949802
2021-09-23,4448.98,241.4881362
2021-09-24,4455.48,241.4523166
2021-09-27,4443.11,241.1925781
2021-09-28,4352.63,236.592387
2021-09-29,4359.46,236.9743612
2021-09-30,4307.54,233.880101
2021-10-01,4357.04,237.1202209
2021-10-04,4300.46,234.9673913
2021-10-05,4345.72,236.7289899
2021-10-06,4363.55,237.3615899
2021-10-07,4399.76,239.0933949
2021-10-08,4391.34,238.87134
2021-10-11,4361.19,237.5430419
2021-10-12,4350.65,237.3231228
2021-10-13,4363.8,238.7072647
2021-10-14,4438.26,242.5672008
2021-10-15,4471.37,245.0356279
2021-10-18,4486.46,245.3640794
2021-10-19,4519.63,246.8034303
2021-10-20,4536.19,247.4318857
2021-10-21,4549.78,246.5104274
2021-10-22,4544.9,247.3097298
2021-10-25,4566.48,248.3950988
2021-10-26,4574.79,249.8362775
2021-10-27,4551.68,248.2638339
2021-10-28,4596.42,249.9786013
2021-10-29,4605.38,250.3655999
2021-11-01,4613.67,250.4920748
2021-11-02,4630.65,251.8936598
2021-11-03,4660.57,252.8875547
2021-11-04,4680.06,253.5801528
2021-11-05,4697.53,255.929218
2021-11-08,4701.7,256.1093381
2021-11-09,4685.25,255.9688971
2021-11-10,4646.71,253.89047
2021-11-11,4649.27,253.5734607
2021-11-12,4682.85,254.7107647
2021-11-15,4682.8,254.496466
2021-11-16,4700.9,255.9313194
2021-11-17,4688.67,255.328064
2021-11-18,4704.54,255.5345164
2021-11-19,4697.96,254.3317376
2021-11-22,4682.94,254.2816576
2021-11-23,4690.7,255.2113317
2021-11-24,4701.46,255.1141825
2021-11-26,4594.62,249.7831608
2021-11-29,4655.27,252.7448085
2021-11-30,4567,248.3563871
2021-12-01,4513.04,246.2699648
2021-12-02,4577.1,250.497291
2021-12-03,4538.43,249.4334063
2021-12-06,4591.67,252.2904108
2021-12-07,4686.75,256.41661
2021-12-08,4701.21,257.1098262
2021-12-09,4667.45,256.2409657
2021-12-10,4712.02,257.7585562
2021-12-13,4668.97,255.4237804
2021-12-14,4634.09,253.7703826
2021-12-15,4709.85,256.7952992
2021-12-16,4668.67,257.4978187
2021-12-17,4620.64,254.4516511
2021-12-20,4568.02,252.3211967
2021-12-21,4649.23,256.2773142
2021-12-22,4696.56,258.3413185
2021-12-23,4725.79,259.3384475
2021-12-27,4791.19,262.334208
2021-12-28,4786.35,261.9757891
2021-12-29,4793.06,262.2387607
2021-12-30,4778.73,261.9611811
2021-12-31,4766.18,261.7700443
2022-01-03,4796.56,263.2339501
2022-01-04,4793.54,263.7388739
2022-01-05,4700.58,260.0581641
2022-01-06,4696.05,259.4838655
2022-01-07,4677.03,258.7737407
2022-01-10,4670.29,258.231352
2022-01-11,4713.07,260.7552993
2022-01-12,4726.35,260.7428555
2022-01-13,4659.03,258.0553693
2022-01-14,4662.85,257.3752698
2022-01-18,4577.11,253.4688501
2022-01-19,4532.76,251.2089584
2022-01-20,4482.73,249.2865747
2022-01-21,4397.94,245.5777203
2022-01-24,4410.13,245.9605122
2022-01-25,4356.45,245.5459967
2022-01-26,4349.93,243.7069392
2022-01-27,4326.51,243.3581117
2022-01-28,4431.85,248.9247873
2022-01-31,4515.55,252.6753449
2022-02-01,4546.54,255.6483232
2022-02-02,4589.38,257.3148764
2022-02-03,4477.44,252.642493
2022-02-04,4500.53,254.1336929
2022-02-07,4483.87,253.9846389
2022-02-08,4521.54,254.8150454
2022-02-09,4587.18,257.6851804
2022-02-10,4504.08,252.9835839
2022-02-11,4418.64,248.4005247
2022-02-14,4401.67,247.185612
2022-02-15,4471.07,250.5084911
2022-02-16,4475.01,250.4015794
2022-02-17,4380.26,245.0934393
2022-02-18,4348.87,243.0552298
2022-02-22,4304.76,240.1318381
2022-02-23,4225.5,236.6713806
2022-02-24,4288.7,238.1831857
2022-02-25,4384.65,243.9925532
2022-02-28,4373.94,242.401937
2022-03-01,4306.26,239.0365811
2022-03-02,4386.54,244.2618718
2022-03-03,4363.49,242.7707788
2022-03-04,4328.87,240.5022201
2022-03-07,4201.09,233.7220518
2022-03-08,4170.7,232.069431
2022-03-09,4277.88,237.6923751
2022-03-10,4259.52,236.6611668
2022-03-11,4204.31,234.4300258
2022-03-14,4173.11,233.1612282
2022-03-15,4262.45,237.0894766
2022-03-16,4357.86,243.0030325
2022-03-17,4411.67,246.1338536
2022-03-18,4463.12,249.1584824
2022-03-21,4461.18,247.4976974
2022-03-22,4511.61,250.1018341
2022-03-23,4456.24,245.8759661
2022-03-24,4520.16,247.8792146
2022-03-25,4543.06,248.7856743
2022-03-28,4575.52,250.0391995
2022-03-29,4631.6,253.8351944
2022-03-30,4602.45,251.3893481
2022-03-31,4530.41,246.8229868
2022-04-01,4545.86,247.2125601
2022-04-04,4582.64,248.6997953
2022-04-05,4525.12,245.4100982
2022-04-06,4481.15,243.5325986
2022-04-07,4500.21,244.253288
2022-04-08,4488.28,243.7737757
2022-04-11,4412.53,240.9389606
2022-04-12,4397.45,240.2329749
2022-04-13,4446.59,242.4457975
2022-04-14,4392.59,239.7949472
2022-04-18,4391.69,239.0750944
2022-04-19,4462.21,243.1923359
2022-04-20,4459.45,243.5727016
2022-04-21,4393.66,240.6096567
2022-04-22,4271.78,234.0277179
2022-04-25,4296.12,235.2910157
2022-04-26,4175.2,228.8140311
2022-04-27,4183.96,228.9497371
2022-04-28,4287.5,234.6881951
2022-04-29,4131.93,224.8850243
2022-05-02,4155.38,225.6179551
2022-05-03,4175.48,226.4060636
2022-05-04,4300.17,233.1116228
2022-05-05,4146.87,224.6340639
2022-05-06,4123.34,223.3585115
2022-05-09,3991.24,215.6192876
2022-05-10,4001.05,215.2129068
2022-05-11,3935.18,211.9008229
2022-05-12,3930.08,212.2736588
2022-05-13,4023.89,217.4969283
2022-05-16,4008.01,216.3303615
2022-05-17,4088.85,220.9613957
2022-05-18,3923.68,212.4489127
2022-05-19,3900.79,212.0728052
2022-05-20,3901.36,212.3025439
2022-05-23,3973.75,215.9269513
2022-05-24,3941.48,214.3115548
2022-05-25,3978.73,216.3159947
2022-05-26,4057.84,221.2597477
2022-05-27,4158.24,226.6214891
2022-05-31,4132.15,225.6572477
2022-06-01,4101.23,224.1859052
2022-06-02,4176.82,228.9573675
2022-06-03,4108.54,226.0763679
2022-06-06,4121.43,226.3975574
2022-06-07,4160.68,228.0461817
2022-06-08,4115.77,225.3721734
2022-06-09,4017.82,220.473032
2022-06-10,3900.86,213.1191324
2022-06-13,3749.63,205.412293
2022-06-14,3735.48,204.4633321
2022-06-15,3789.99,207.5782482
2022-06-16,3666.77,200.7524953
2022-06-17,3674.84,200.9125233
2022-06-21,3764.79,205.2642515
2022-06-22,3759.89,204.9990372
2022-06-23,3795.73,207.2464789
2022-06-24,3911.74,214.4756058
2022-06-27,3900.11,212.9279888
2022-06-28,3821.55,208.5975879
2022-06-29,3818.83,207.9624719
2022-06-30,3785.38,206.2363205
2022-07-01,3825.33,208.5786535
2022-07-05,3831.39,209.0887964
2022-07-06,3845.08,209.0289644
2022-07-07,3902.62,212.0671125
2022-07-08,3899.38,211.339138
2022-07-11,3854.43,208.8114204
2022-07-12,3818.8,206.9187189
2022-07-13,3801.78,205.9835756
2022-07-14,3790.38,204.4189117
2022-07-15,3863.16,209.0797197
2022-07-18,3830.85,208.1737675
2022-07-19,3936.69,214.5953478
2022-07-20,3959.9,216.8832146
2022-07-21,3998.95,219.0254772
2022-07-22,3961.63,216.9278586
2022-07-25,3966.84,217.1834052
2022-07-26,3921.05,214.1218236
2022-07-27,4023.61,219.1997125
2022-07-28,4072.43,220.6212503
2022-07-29,4130.29,224.1283793
2022-08-01,4118.63,223.7130381
2022-08-02,4091.19,221.9666213
2022-08-03,4155.17,225.9907172
2022-08-04,4151.94,225.8366104
2022-08-05,4145.19,225.5967732
2022-08-08,4140.06,225.8108798
2022-08-09,4122.47,224.5708261
2022-08-10,4210.24,229.796848
2022-08-11,4207.27,230.6029906
2022-08-12,4280.15,234.5023865
2022-08-15,4297.14,235.2256798
2022-08-16,4305.2,235.7776804
2022-08-17,4274.04,234.2780668
2022-08-18,4283.74,234.7026654
2022-08-19,4228.48,231.1273124
2022-08-22,4137.99,226.0125362
2022-08-23,4128.73,225.3182933
2022-08-24,4140.77,226.463587
2022-08-25,4199.12,229.3620678
2022-08-26,4057.66,221.5274543
2022-08-29,4030.61,219.8284393
2022-08-30,3986.16,217.6150051
2022-08-31,3955,216.0393072
2022-09-01,3966.85,216.6297263
2022-09-02,3924.26,214.4380644
2022-09-06,3908.19,213.4177575
2022-09-07,3979.87,216.8201095
2022-09-08,4006.18,218.942692
2022-09-09,4067.36,222.2298195
2022-09-12,4110.41,224.5493491
2022-09-13,3932.69,214.3994672
2022-09-14,3946.01,215.0170929
2022-09-15,3901.35,212.7574177
2022-09-16,3873.33,210.4460873
2022-09-19,3899.89,211.8970183
2022-09-20,3855.93,209.0545645
2022-09-21,3789.93,205.5792462
2022-09-22,3757.99,204.1655907
2022-09-23,3693.23,200.2798707
2022-09-26,3655.04,197.6698141
2022-09-27,3647.29,197.2625875
2022-09-28,3719.04,201.3718244
2022-09-29,3640.47,197.7741199
2022-09-30,3585.62,194.3902727
2022-10-03,3678.43,199.4331711
2022-10-04,3790.93,205.7568135
2022-10-05,3783.28,205.4779999
2022-10-06,3744.52,203.3572538
2022-10-07,3639.66,197.6251975
2022-10-10,3612.39,196.0703663
2022-10-11,3588.84,194.3887951
2022-10-12,3577.03,194.1159882
2022-10-13,3669.91,199.8487002
2022-10-14,3583.07,195.6104326
2022-10-17,3677.95,200.9020256
2022-10-18,3719.98,203.0851545
2022-10-19,3695.16,202.2967432
2022-10-20,3665.78,201.7635077
2022-10-21,3752.75,206.5547256
2022-10-24,3797.34,208.5169487
2022-10-25,3859.11,211.9805558
2022-10-26,3830.6,211.5437312
2022-10-27,3807.3,208.7471214
2022-10-28,3901.06,212.898596
2022-10-31,3871.98,211.466827
2022-11-01,3856.1,211.2143238
2022-11-02,3759.69,205.6755892
2022-11-03,3719.89,203.3738438
2022-11-04,3770.55,206.4809745
2022-11-07,3806.8,209.276489
2022-11-08,3828.11,210.170741
2022-11-09,3748.57,206.1148484
2022-11-10,3956.37,218.9813548
2022-11-11,3992.93,222.196068
2022-11-14,3957.25,220.4502787
2022-11-15,3991.73,222.4651729
2022-11-16,3958.79,220.190525
2022-11-17,3946.56,218.5626651
2022-11-18,3965.34,219.454603
2022-11-21,3949.94,219.0497743
2022-11-22,4003.58,221.8205076
2022-11-23,4027.26,222.9841102
2022-11-25,4026.12,223.1780537
2022-11-28,3963.94,219.3726538
2022-11-29,3957.63,219.6241225
2022-11-30,4080.11,226.5371276
2022-12-01,4076.57,226.2997657
2022-12-02,4071.7,225.9878806
2022-12-05,3998.84,221.3493531
2022-12-06,3941.26,217.4060789
2022-12-07,3933.92,217.1847354
2022-12-08,3963.51,219.052565
2022-12-09,3934.38,217.7899258
2022-12-12,3990.56,220.738871
2022-12-13,4019.65,223.365028
2022-12-14,3995.32,221.7782005
2022-12-15,3895.75,215.729471
2022-12-16,3852.36,212.4888773
2022-12-19,3817.66,210.137257
2022-12-20,3821.62,210.8115075
2022-12-21,3878.44,214.5386764
2022-12-22,3822.39,211.4444772
2022-12-23,3844.82,212.7618164
2022-12-27,3829.25,212.0838958
2022-12-28,3783.22,209.4838092
2022-12-29,3849.28,213.4519365
2022-12-30,3839.5,212.7765913
2023-01-03,3824.14,213.505516
2023-01-04,3852.97,216.86928
2023-01-05,3808.1,214.7145637
2023-01-06,3895.08,219.2122958
2023-01-09,3892.09,219.4226839
2023-01-10,3919.25,221.4647351
2023-01-11,3969.61,224.3380342
2023-01-12,3983.17,226.163355
2023-01-13,3999.09,227.4987812
2023-01-17,3990.97,226.2141155
2023-01-18,3928.86,223.3008623
2023-01-19,3898.85,222.096021
2023-01-20,3972.61,225.9007243
2023-01-23,4019.81,229.2836006
2023-01-24,4016.95,228.5649465
2023-01-25,4016.22,228.5942782
2023-01-26,4060.43,231.4539461
2023-01-27,4070.56,232.4000377
2023-01-30,4017.77,229.4295423
2023-01-31,4076.6,232.6522797
2023-02-01,4119.21,235.9147597
2023-02-02,4179.76,242.2522098
2023-02-03,4136.48,239.2393493
2023-02-06,4111.08,237.9389039
2023-02-07,4164,240.0312997
2023-02-08,4117.86,237.4392293
2023-02-09,4081.5,234.7018524
2023-02-10,4090.46,234.4740125
2023-02-13,4137.29,237.2933797
2023-02-14,4136.13,236.8110574
2023-02-15,4147.6,237.6941674
2023-02-16,4090.41,234.2377556
2023-02-17,4079.09,233.7488694
2023-02-21,3997.34,228.8796228
2023-02-22,3991.05,228.6954596
2023-02-23,4012.32,229.7555577
2023-02-24,3970.04,227.578947
2023-02-27,3982.24,228.5680603
2023-02-28,3970.15,227.9168373
2023-03-01,3951.39,226.2784633
2023-03-02,3981.35,228.5585882
2023-03-03,4045.64,232.4493044
2023-03-06,4048.42,232.245557
2023-03-07,3986.37,228.1229642
2023-03-08,3992.01,228.3906991
2023-03-09,3918.32,224.30741
2023-03-10,3861.59,220.951623
2023-03-13,3855.76,220.0576771
2023-03-14,3919.29,223.8998617
2023-03-15,3891.93,222.345267
2023-03-16,3960.28,226.2765726
2023-03-17,3916.64,222.889026
2023-03-20,3951.57,225.0098128
2023-03-21,4002.87,228.381408
2023-03-22,3936.97,224.3110135
2023-03-23,3948.72,225.4670117
2023-03-24,3970.99,226.4754569
2023-03-27,3977.53,227.4035536
2023-03-28,3971.27,226.9153167
2023-03-29,4027.81,230.3592588
2023-03-30,4050.83,231.7091942
2023-03-31,4109.31,235.3226226
2023-04-03,4124.51,235.6668216
2023-04-04,4100.6,234.9429625
2023-04-05,4090.38,234.522627
2023-04-06,4105.02,235.0455881
2023-04-10,4109.11,235.252511
2023-04-11,4108.94,235.6065151
2023-04-12,4091.95,234.5317573
2023-04-13,4146.22,237.4576231
2023-04-14,4137.64,237.0291937
2023-04-17,4151.32,238.4304494
2023-04-18,4154.87,238.325646
2023-04-19,4154.52,239.4554517
2023-04-20,4129.79,237.6071302
2023-04-21,4133.52,238.3320622
2023-04-24,4137.04,238.6146589
2023-04-25,4071.63,234.3986523
2023-04-26,4055.99,232.2601989
2023-04-27,4135.35,237.4580444
2023-04-28,4169.48,239.3954486
2023-05-01,4167.87,239.0094162
2023-05-02,4119.58,236.3456614
2023-05-03,4090.75,234.7178857
2023-05-04,4061.22,231.9483326
2023-05-05,4136.25,235.1700554
2023-05-08,4138.12,235.1987573
2023-05-09,4119.17,234.4409304
2023-05-10,4137.64,235.1506381
2023-05-11,4130.62,234.2047222
2023-05-12,4124.08,233.7036995
2023-05-15,4136.28,234.8822912
2023-05-16,4109.9,233.244607
2023-05-17,4158.77,236.5539214
2023-05-18,4198.05,238.1892239
2023-05-19,4191.98,237.753419
2023-05-22,4192.63,238.0446223
2023-05-23,4145.58,236.6329379
2023-05-24,4115.24,235.1004654
2023-05-25,4151.28,235.3638806
2023-05-26,4205.45,239.0597462
2023-05-30,4205.52,239.195248
2023-05-31,4179.83,238.2017069
2023-06-01,4221.02,239.506046
2023-06-02,4282.37,243.0802743
2023-06-05,4273.79,242.1450864
2023-06-06,4283.85,243.1930377
2023-06-07,4267.52,243.5379339
2023-06-08,4293.93,244.4325438
2023-06-09,4298.86,244.2575737
2023-06-12,4338.93,245.894603
2023-06-13,4369.01,246.9774369
2023-06-14,4372.59,246.2601216
2023-06-15,4425.84,249.3957768
2023-06-16,4409.59,249.0094172
2023-06-20,4388.71,247.3068112
2023-06-21,4365.69,245.508984
2023-06-22,4381.89,245.4439032
2023-06-23,4348.33,243.1748869
2023-06-26,4328.82,242.4615217
2023-06-27,4378.41,244.4533526
2023-06-28,4376.86,244.2716768
2023-06-29,4396.44,245.8682178
2023-06-30,4450.38,248.209044
2023-07-03,4455.59,248.8394111
2023-07-05,4446.82,248.6673706
2023-07-06,4411.59,245.887084
2023-07-07,4398.95,245.3898653
2023-07-10,4409.53,246.3926994
2023-07-11,4439.26,248.9076607
2023-07-12,4472.16,251.5038901
2023-07-13,4510.04,253.0075657
2023-07-14,4505.42,252.191497
2023-07-17,4522.79,252.9078629
2023-07-18,4554.98,253.9130545
2023-07-19,4565.72,254.7921845
2023-07-20,4534.87,255.0263695
2023-07-21,4536.34,255.3233174
2023-07-24,4554.64,255.9514754
2023-07-25,4567.46,256.1281312
2023-07-26,4566.75,258.3995414
2023-07-27,4537.41,257.9181331
2023-07-28,4582.23,259.6580104
2023-07-31,4588.96,259.3964841
2023-08-01,4576.73,258.6394171
2023-08-02,4513.39,255.2544928
2023-08-03,4501.89,254.4389371
2023-08-04,4478.03,253.8822939
2023-08-07,4518.44,256.6440265
2023-08-08,4499.38,254.7379507
2023-08-09,4467.71,252.8203033
2023-08-10,4468.83,253.1568134
2023-08-11,4464.05,253.1054735
2023-08-14,4489.72,254.1333872
2023-08-15,4437.86,251.1323159
2023-08-16,4404.33,248.5527065
2023-08-17,4370.36,247.1275753
2023-08-18,4369.71,246.7669855
2023-08-21,4399.77,247.5680435
2023-08-22,4387.55,246.6866673
2023-08-23,4436.01,249.3357788
2023-08-24,4376.31,246.1154091
2023-08-25,4405.71,248.0609887
2023-08-28,4433.31,249.6140153
2023-08-29,4497.63,252.562248
2023-08-30,4514.87,253.2823091
2023-08-31,4507.66,253.0315138
2023-09-01,4515.77,253.2903477
2023-09-05,4496.83,251.3149469
2023-09-06,4465.48,249.4580807
2023-09-07,4451.14,249.3322296
2023-09-08,4457.49,249.5666587
2023-09-11,4487.46,251.6421099
2023-09-12,4461.9,251.1352001
2023-09-13,4467.44,251.6211483
2023-09-14,4505.1,254.1656575
2023-09-15,4450.32,250.9060123
2023-09-18,4453.53,251.3129407
2023-09-19,4443.95,250.4650278
2023-09-20,4402.2,248.3757866
2023-09-21,4330,244.2688288
2023-09-22,4320.06,243.7193999
2023-09-25,4337.44,244.5726215
2023-09-26,4273.53,240.8743063
2023-09-27,4274.51,240.4974422
2023-09-28,4299.7,241.3302416
2023-09-29,4288.05,240.5075597
2023-10-02,4288.39,239.9966432
2023-10-03,4229.45,236.8157377
2023-10-04,4263.75,237.71197
2023-10-05,4258.19,237.6791948
2023-10-06,4308.5,239.7737869
2023-10-09,4335.66,241.0040152
2023-10-10,4358.24,242.4370449
2023-10-11,4376.95,242.7699695
2023-10-12,4349.61,240.5256833
2023-10-13,4327.78,239.4569051
2023-10-16,4373.63,242.1840354
2023-10-17,4373.2,242.1276565
2023-10-18,4314.6,238.7814758
2023-10-19,4278,237.2572729
2023-10-20,4224.16,234.4458006
2023-10-23,4217.04,234.004393
2023-10-24,4247.68,234.8020004
2023-10-25,4186.77,229.936777
2023-10-26,4137.23,227.7074473
2023-10-27,4117.37,226.8814649
2023-10-30,4166.82,230.3150849
2023-10-31,4193.8,232.1104499
2023-11-01,4237.86,234.3220898
2023-11-02,4317.78,238.6199665
2023-11-03,4358.34,241.1527746
2023-11-06,4365.98,241.0720737
2023-11-07,4378.38,241.3418088
2023-11-08,4382.78,241.3885344
2023-11-09,4347.35,239.7195214
2023-11-10,4415.24,243.3851044
2023-11-13,4411.55,243.419704
2023-11-14,4495.7,248.6794013
2023-11-15,4502.88,249.9124623
2023-11-16,4508.24,250.7087903
2023-11-17,4514.02,251.1868874
2023-11-20,4547.38,253.3773786
2023-11-21,4538.19,253.031263
2023-11-22,4556.62,254.339252
2023-11-24,4559.34,254.6981832
2023-11-27,4550.43,253.8566445
2023-11-28,4554.89,253.703735
2023-11-29,4550.58,253.9714508
2023-11-30,4567.8,255.5072065
2023-12-01,4594.63,257.5158571
2023-12-04,4569.78,256.2401427
2023-12-05,4567.18,255.4900344
2023-12-06,4549.34,254.5599509
2023-12-07,4585.59,256.3559694
2023-12-08,4604.37,257.8356755
2023-12-11,4622.44,259.1692858
2023-12-12,4643.7,260.9577908
2023-12-13,4707.09,263.7202999
2023-12-14,4719.55,265.9111895
2023-12-15,4719.19,266.1912271
2023-12-18,4740.56,266.6489764
2023-12-19,4768.37,268.6274181
2023-12-20,4698.35,264.6038953
2023-12-21,4746.75,267.5043898
2023-12-22,4754.63,268.1479564
2023-12-26,4774.75,269.4074525
2023-12-27,4781.58,269.7104965
2023-12-28,4783.35,269.8723649
2023-12-29,4769.83,269.0710301
2024-01-02,4742.83,267.3623707
2024-01-03,4704.81,267.3623707
2024-01-04,4688.68,264.0216567
2024-01-05,4697.24,264.6984241
2024-01-08,4763.54,267.5708031
2024-01-09,4756.5,266.8137239
2024-01-10,4783.45,268.9417106
2024-01-11,4780.24,268.8187955
2024-01-12,4783.83,269.3128898
2024-01-16,4765.98,267.6148911
2024-01-17,4739.21,266.3204095
2024-01-18,4780.94,269.1587185
2024-01-19,4839.81,273.3783975
2024-01-22,4850.43,274.0877266
2024-01-23,4864.6,273.9904996
2024-01-24,4868.55,274.2023147
2024-01-25,4894.16,275.8123155
2024-01-26,4890.97,275.0123805
2024-01-29,4927.93,276.9732442
2024-01-30,4924.97,276.300438
2024-01-31,4845.65,273.674192
2024-02-01,4906.19,275.8659376
2024-02-02,4958.61,279.6237343
2024-02-05,4942.81,278.2058195
2024-02-06,4954.23,279.0361301
2024-02-07,4995.06,280.7564845
2024-02-08,4997.91,281.6629498
2024-02-09,5026.61,282.5222962
2024-02-12,5021.84,282.4665488
2024-02-13,4953.17,278.6780577
2024-02-14,5000.62,281.1812075
2024-02-15,5029.73,284.2640956
2024-02-16,5005.57,282.494724
2024-02-20,4975.51,281.3253564
2024-02-21,4981.8,281.846195
2024-02-22,5087.03,286.7535083
2024-02-23,5088.8,286.8593405
2024-02-26,5069.53,285.9307894
2024-02-27,5078.18,286.0645602
2024-02-28,5069.76,286.1456531
2024-02-29,5096.27,286.9232647
2024-03-01,5137.08,289.278923
2024-03-04,5130.95,288.7116568
2024-03-05,5078.65,285.6057032
2024-03-06,5104.76,287.1275579
2024-03-07,5157.36,289.4643944
2024-03-08,5123.69,288.1209617
2024-03-11,5117.94,287.772429
2024-03-12,5175.27,290.738988
2024-03-13,5165.31,289.4607895
2024-03-14,5150.48,288.2859476
2024-03-15,5117.09,285.9656608
2024-03-18,5149.42,286.8219393
2024-03-19,5178.51,287.7708818
2024-03-20,5224.62,290.3414375
2024-03-21,5241.53,289.9338593
2024-03-22,5234.18,288.8735143
2024-03-25,5218.19,288.0367364
2024-03-26,5203.58,287.4853182
2024-03-27,5248.49,290.7976275
2024-03-28,5254.35,291.3441482
2024-04-01,5243.77,289.7587466
2024-04-02,5205.81,288.1249838
2024-04-03,5211.49,287.6086242
2024-04-04,5147.21,284.4478294
2024-04-05,5204.34,287.4884479
2024-04-08,5202.39,287.3318635
2024-04-09,5209.91,288.1667276
2024-04-10,5160.64,284.7725838
2024-04-11,5199.06,285.9449715
2024-04-12,5123.41,281.6243052
2024-04-15,5061.82,278.9981205
2024-04-16,5051.41,278.3381437
2024-04-17,5022.21,276.7717328
2024-04-18,5011.12,276.7756303
2024-04-19,4967.23,275.450694
2024-04-22,5010.6,278.012847
2024-04-23,5070.55,280.5631256
2024-04-24,5071.63,280.444917
2024-04-25,5048.42,277.9911603
2024-04-26,5099.96,278.8738041
2024-04-29,5116.17,279.8338055
2024-04-30,5035.69,275.9000015
2024-05-01,5018.39,276.8978378
